f_of_S,Time,TimeDist,TimePost,SolSize,k,n,nNodes,nThreads,trial
26450,396.1745545864105,0,0,100,100,100000,8,4,1
35622,520.109760761261,0,0,200,200,100000,8,4,1
41722,678.298348903656,0,0,300,300,100000,8,4,1
46287,857.8184776306152,0,0,400,400,100000,8,4,1
50041,1068.8312728404999,0,0,500,500,100000,8,4,1
