f_of_S,Time,TimeDist,TimePost,SolSize,k,n,nNodes,nThreads,trial
9211.786893999999,1.653141975402832,1.639777421951294,0.005614280700683594,37,100,10000,8,4,1
9239.294088,2.534710645675659,2.5197975635528564,0.007144451141357422,49,200,10000,8,4,1
9252.599261,3.333207130432129,3.3169000148773193,0.008549928665161133,59,300,10000,8,4,1
9273.895395,3.6438345909118652,3.626070499420166,0.00993657112121582,73,400,10000,8,4,1
9282.438346,3.73734450340271,3.717878580093384,0.01186227798461914,88,500,10000,8,4,1
