f_of_S,Time,SolSize,k,n,nNodes,nThreads,trial
9113.740508,2.1554067134857178,11,100,10000,8,4,1
9168.976698,4.0632359981536865,16,200,10000,8,4,1
9200.523314999999,7.470599889755249,22,300,10000,8,4,1
9204.924268,11.692257165908813,24,400,10000,8,4,1
9218.586293,14.304558992385864,28,500,10000,8,4,1
