f_of_S,Time,TimeDist,TimePost,SolSize,k,n,nNodes,nThreads,trial
9122.596631,285.2581436634064,280.25185108184814,4.998507738113403,9,100,10000,8,4,1
9113.764351,345.85499715805054,338.0901906490326,7.757172346115112,11,200,10000,8,4,1
9140.065821,392.9672167301178,382.3121700286865,10.647395849227905,10,300,10000,8,4,1
9158.432269,423.7592945098877,410.4523756504059,13.299298286437988,15,400,10000,8,4,1
9167.759474,469.84656953811646,454.12552404403687,15.71337628364563,19,500,10000,8,4,1
