f_of_S,Time,TimeDist,TimePost,SolSize,k,n,nNodes,nThreads,trial
9159.109387,37.78313708305359,0,0,7,100,10000,8,4,1
9166.789035000002,54.6533727645874,0,0,7,200,10000,8,4,1
9183.73259,72.15305066108704,0,0,9,300,10000,8,4,1
9204.919893,87.72220206260681,0,0,12,400,10000,8,4,1
9213.382203000001,99.2680401802063,0,0,13,500,10000,8,4,1
