f_of_S,Time,TimeDist,TimePost,SolSize,k,n,nNodes,nThreads,trial
266.6800592891589,2246.8214116096497,2188.06823182106,58.732569217681885,100,100,26588,8,4,1
430.44063368881524,2672.785075902939,2538.470728635788,134.29361772537231,195,200,26588,8,4,1
554.6310228158009,2919.798233985901,2697.3980190753937,222.37945175170898,300,300,26588,8,4,1
708.6020046330785,3334.9816772937775,3018.1451222896576,316.8156223297119,396,400,26588,8,4,1
816.7188127593773,3364.9327585697174,2951.811358690262,413.1005280017853,500,500,26588,8,4,1
