f_of_S,Time,TimeDist,TimePost,SolSize,k,n,nNodes,nThreads,trial
278.28856383015614,5.99463963508606,4.73610258102417,1.2380456924438477,100,100,26588,8,4,1
451.679962611745,8.107710123062134,5.855899333953857,2.2311389446258545,200,200,26588,8,4,1
601.9093103940468,12.611745834350586,8.602225542068481,3.9888055324554443,300,300,26588,8,4,1
739.234735486805,13.755668878555298,8.735642671585083,4.99934458732605,400,400,26588,8,4,1
869.0833930599945,20.064404487609863,13.316216230392456,6.727488279342651,500,500,26588,8,4,1
