f_of_S,Time,SolSize,k,n,nNodes,nThreads,trial
278.6043670654511,3.328242540359497,100,100,26588,8,4,1
453.43181038437393,3.665315866470337,200,200,26588,8,4,1
605.029506515006,3.957965612411499,300,300,26588,8,4,1
743.0843154698291,4.269914150238037,400,400,26588,8,4,1
872.9284331960108,4.593011140823364,500,500,26588,8,4,1
