f_of_S,Time,SolSize,k,n,nNodes,nThreads,trial
11085.72832140716,3.177670955657959,100,100,17432,8,4,1
14042.172544708983,3.874840259552002,200,200,17432,8,4,1
15835.89466287748,4.612268686294556,300,300,17432,8,4,1
17132.879760693002,5.143948554992676,400,400,17432,8,4,1
17865.25162155707,5.687272548675537,468,500,17432,8,4,1
