f_of_S,Time,SolSize,k,n,nNodes,nThreads,trial
278.6201589116463,3.315535068511963,100,100,26588,8,4,1
453.52735917749146,3.6026971340179443,200,200,26588,8,4,1
605.0179015280748,4.020573139190674,300,300,26588,8,4,1
743.254805910557,4.279425382614136,400,400,26588,8,4,1
873.0952150162096,4.5840003490448,500,500,26588,8,4,1
