f_of_S,Time,TimeDist,TimePost,SolSize,k,n,nNodes,nThreads,trial
260.40803881679426,2466.188724756241,2400.765092611313,65.40296292304993,100,100,26588,8,4,1
438.8414601426305,2970.740618944168,2831.865371465683,138.8545801639557,200,200,26588,8,4,1
567.9084863315994,3322.6027801036835,3097.1155750751495,225.466144323349,300,300,26588,8,4,1
704.9551634462207,3372.529709339142,3054.824634552002,317.6841719150543,398,400,26588,8,4,1
816.419935597381,3685.185590028763,3267.9824204444885,417.1821982860565,500,500,26588,8,4,1
