f_of_S,Queries,Time,TimeDist,TimePost,SolSize,k,n,nNodes,nThreads,trial
1147755.343901991,1,8858.160644054413,8533.716351747513,324.4442903995514,480,480.0,3072441,8,4,1
