f_of_S,Queries,Time,TimeDist,TimePost,SolSize,k,n,nNodes,nThreads,trial
1147651.2780731022,1,69142.7919139862,68954.62104392052,188.17086839675903,480,480.0,3072441,1,4,1
