f_of_S,Queries,Time,TimeDist,TimePost,SolSize,k,n,nNodes,nThreads,trial
4546.170779886386,1,1329.1034274101257,1312.9466979503632,16.1567280292511,177,177.0,1134890,8,4,1
