f_of_S,Queries,Time,TimeDist,TimePost,SolSize,k,n,nNodes,nThreads,trial
4541.502838525908,1,11442.854371786118,11429.834978818893,13.01939058303833,177,177.0,1134890,1,4,1
