f_of_S,Time,TimeDist,TimePost,SolSize,k,n,nNodes,nThreads,trial
45960.996677,37482.41026139259,37472.331144571304,10.079090356826782,7,7.0,50000,8,4,1
