f_of_S,Time,TimeDist,TimePost,SolSize,k,n,nNodes,nThreads,trial
4387.391769789486,83118.82736635208,83102.94018054008,15.887184381484985,177,177.0,1134890,8,4,1
