f_of_S,Time,TimeDist,TimePost,SolSize,k,n,nNodes,nThreads,trial
261.46159714874443,2455.3491065502167,2394.1279470920563,61.20052981376648,100,100,26588,8,4,1
426.7799139837687,2971.719420671463,2831.9723920822144,139.72635984420776,196,200,26588,8,4,1
569.1521458777545,3218.5214800834656,2993.9479007720947,224.5527925491333,300,300,26588,8,4,1
717.4208885348451,3522.9115948677063,3230.1372463703156,292.7537486553192,400,400,26588,8,4,1
816.5590180352037,3690.643930912018,3302.1771941184998,388.44590425491333,500,500,26588,8,4,1
