f_of_S,Time,TimeDist,TimePost,SolSize,k,n,nNodes,nThreads,trial
278.6044432916198,116.13340544700623,0,0,100,100,26588,8,4,1
452.5402495542538,175.88356566429138,0,0,200,200,26588,8,4,1
603.4289931667058,236.98144388198853,0,0,300,300,26588,8,4,1
740.8717027693257,287.44677805900574,0,0,400,400,26588,8,4,1
869.9710475234498,363.75310945510864,0,0,500,500,26588,8,4,1
