f_of_S,Time,TimeDist,TimePost,SolSize,k,n,nNodes,nThreads,trial
10779.345595967035,6.527057647705078,4.83426308631897,1.6790497303009033,100,100,17432,8,4,1
13696.526240451876,10.287222385406494,6.665168285369873,3.6083502769470215,200,200,17432,8,4,1
15286.762687313212,13.857281684875488,8.405328035354614,5.438495397567749,300,300,17432,8,4,1
16571.295513126257,17.610594272613525,10.343901872634888,7.25322961807251,400,400,17432,8,4,1
17672.941769575285,21.083592891693115,11.949505805969238,9.120604991912842,500,500,17432,8,4,1
