f_of_S,Time,SolSize,k,n,nNodes,nThreads,trial
11097.077498697698,3.154540538787842,100,100,17432,8,4,1
14027.846183929447,3.853445529937744,200,200,17432,8,4,1
15835.879132975559,4.572899341583252,300,300,17432,8,4,1
17141.910042847776,5.20658016204834,400,400,17432,8,4,1
18078.993309756883,5.74976658821106,489,500,17432,8,4,1
