f_of_S,Time,TimeDist,TimePost,SolSize,k,n,nNodes,nThreads,trial
26431,60.98411798477173,57.934566497802734,2.9725048542022705,100,100.0,100000,2,4,1
