f_of_S,Time,SolSize,k,n,nNodes,nThreads,trial
9160.042983,2.2563252449035645,14,100,10000,8,4,1
9163.507293,4.124626874923706,15,200,10000,8,4,1
9184.388747,7.573312520980835,17,300,10000,8,4,1
9223.048905,12.279663324356079,30,400,10000,8,4,1
9224.012965,16.08971357345581,34,500,10000,8,4,1
