f_of_S,Time,TimeDist,TimePost,SolSize,k,n,nNodes,nThreads,trial
278.26888034367795,6.191894769668579,4.9515767097473145,1.219649314880371,100,100,26588,8,4,1
451.679962611745,8.732117652893066,6.521495580673218,2.189971685409546,200,200,26588,8,4,1
602.5912797241632,13.071308612823486,9.14430570602417,3.9062139987945557,300,300,26588,8,4,1
739.6327418813137,15.502801895141602,10.241938352584839,5.2403175830841064,400,400,26588,8,4,1
868.609651768221,21.15495538711548,14.132161855697632,7.0022149085998535,500,500,26588,8,4,1
