f_of_S,Time,SolSize,k,n,nNodes,nThreads,trial
11094.85015996965,3.1193814277648926,100,100,17432,8,4,1
14037.834603076022,3.916548252105713,200,200,17432,8,4,1
15834.614708472263,4.695925235748291,300,300,17432,8,4,1
17126.651999073154,5.19535493850708,400,400,17432,8,4,1
17873.458175612977,5.675167798995972,468,500,17432,8,4,1
