f_of_S,Time,TimeDist,TimePost,SolSize,k,n,nNodes,nThreads,trial
10236.297990254232,1265.2377018928528,1212.056645154953,53.16746258735657,97,100,17432,8,4,1
13146.703280858435,1573.8109390735626,1443.9119157791138,129.88566780090332,199,200,17432,8,4,1
14670.960133384706,1778.9560408592224,1581.0765981674194,197.8658561706543,297,300,17432,8,4,1
15719.607239148349,1924.563899755478,1657.5023488998413,267.0480194091797,380,400,17432,8,4,1
16872.137027179102,2003.774398803711,1657.3370950222015,346.42384576797485,494,500,17432,8,4,1
