f_of_S,Time,TimeDist,TimePost,SolSize,k,n,nNodes,nThreads,trial
9315.263261,3558.2916960716248,3558.290329694748,0,157,157.0,10000,8,4,1
