f_of_S,Time,SolSize,k,n,nNodes,nThreads,trial
26493,14.50679874420166,100,100,100000,8,4,1
35711,15.122329235076904,200,200,100000,8,4,1
41857,15.773796081542969,300,300,100000,8,4,1
46495,16.581278085708618,400,400,100000,8,4,1
50260,17.44592308998108,500,500,100000,8,4,1
