f_of_S,Time,TimeDist,TimePost,SolSize,k,n,nNodes,nThreads,trial
26421,21.486811637878418,18.01192283630371,3.3964099884033203,100,100,100000,8,4,1
35499,28.678650856018066,21.814433336257935,6.787649631500244,200,200,100000,8,4,1
41586,37.589430809020996,26.376906633377075,11.13642954826355,300,300,100000,8,4,1
46154,47.14947509765625,30.394155025482178,16.678608894348145,400,400,100000,8,4,1
49989,56.6717734336853,35.22390389442444,21.371350049972534,500,500,100000,8,4,1
