f_of_S,Time,SolSize,k,n,nNodes,nThreads,trial
278.61345901812086,3.384568691253662,100,100,26588,8,4,1
453.5831422485173,3.5994386672973633,200,200,26588,8,4,1
604.7914937444907,3.9341588020324707,300,300,26588,8,4,1
743.0901757620486,4.281108379364014,400,400,26588,8,4,1
872.7310240739978,4.571510314941406,500,500,26588,8,4,1
