f_of_S,Time,TimeDist,TimePost,SolSize,k,n,nNodes,nThreads,trial
10829.42216344709,6.520835876464844,4.768683671951294,1.7382984161376953,100,100,17432,8,4,1
13647.68669662726,10.66034746170044,6.99155592918396,3.6550190448760986,200,200,17432,8,4,1
15364.498512931725,14.294034719467163,8.84015965461731,5.440356492996216,300,300,17432,8,4,1
16691.894581257213,17.206233978271484,9.956254482269287,7.236443996429443,400,400,17432,8,4,1
17646.41411694547,20.912244081497192,11.486710548400879,9.412009000778198,500,500,17432,8,4,1
