f_of_S,Time,TimeDist,TimePost,SolSize,k,n,nNodes,nThreads,trial
9216.200096,1.696723222732544,1.683368444442749,0.00545811653137207,37,100,10000,8,4,1
9248.69684,2.5938735008239746,2.5782182216644287,0.007824182510375977,54,200,10000,8,4,1
9258.519427,3.3963699340820312,3.3787760734558105,0.009867191314697266,64,300,10000,8,4,1
9267.931126,3.7696919441223145,3.7515978813171387,0.01004791259765625,73,400,10000,8,4,1
9277.200949,3.8869450092315674,3.8676886558532715,0.01148080825805664,84,500,10000,8,4,1
