f_of_S,Time,TimeDist,TimePost,SolSize,k,n,nNodes,nThreads,trial
278.6044432916198,117.03302526473999,0,0,100,100,26588,8,4,1
452.5402495542538,178.23251128196716,0,0,200,200,26588,8,4,1
603.7455682630138,239.03807401657104,0,0,300,300,26588,8,4,1
740.8717027693257,291.6558938026428,0,0,400,400,26588,8,4,1
869.9710475234498,367.83700037002563,0,0,500,500,26588,8,4,1
