f_of_S,Time,SolSize,k,n,nNodes,nThreads,trial
11085.259668840174,3.140768051147461,100,100,17432,8,4,1
14044.769933229183,3.960698366165161,200,200,17432,8,4,1
15837.455417351024,4.688994884490967,300,300,17432,8,4,1
17137.745716787875,5.28363299369812,400,400,17432,8,4,1
17820.431891388303,5.609261512756348,463,500,17432,8,4,1
