f_of_S,Time,TimeDist,TimePost,SolSize,k,n,nNodes,nThreads,trial
10837.598621625475,126.76068162918091,0,0,100,100,17432,8,4,1
13723.547146554914,206.27622270584106,0,0,200,200,17432,8,4,1
15432.70444972535,280.65074276924133,0,0,300,300,17432,8,4,1
16767.338900118186,358.06032514572144,0,0,400,400,17432,8,4,1
17744.43647214582,428.4199640750885,0,0,500,500,17432,8,4,1
