f_of_S,Time,TimeDist,TimePost,SolSize,k,n,nNodes,nThreads,trial
71547,18587.958606004715,6656.552502155304,11931.329634666443,1563,1563.0,100000,8,4,1
