f_of_S,Time,TimeDist,TimePost,SolSize,k,n,nNodes,nThreads,trial
9142.403177,37.41576623916626,0,0,6,100,10000,8,4,1
9166.594648,56.419129371643066,0,0,7,200,10000,8,4,1
9193.773733,72.61567687988281,0,0,11,300,10000,8,4,1
9199.753815,88.0260317325592,0,0,11,400,10000,8,4,1
9213.717619000001,99.23380374908447,0,0,13,500,10000,8,4,1
