f_of_S,Time,SolSize,k,n,nNodes,nThreads,trial
9152.49546,2.3374059200286865,14,100,10000,8,4,1
9161.564698,4.619361162185669,16,200,10000,8,4,1
9171.432988999999,7.325527191162109,18,300,10000,8,4,1
9199.791775,11.937769651412964,26,400,10000,8,4,1
9223.678237,14.706191062927246,29,500,10000,8,4,1
