f_of_S,Time,SolSize,k,n,nNodes,nThreads,trial
26491,14.568109512329102,100,100,100000,8,4,1
35709,15.34127163887024,200,200,100000,8,4,1
41858,15.954750061035156,300,300,100000,8,4,1
46497,16.717461347579956,400,400,100000,8,4,1
50270,17.630395650863647,500,500,100000,8,4,1
