f_of_S,Time,TimeDist,TimePost,SolSize,k,n,nNodes,nThreads,trial
10236.026739495097,1218.5065050125122,1160.8321583271027,57.660497188568115,100,100,17432,8,4,1
13065.216117679021,1502.9731435775757,1370.0498054027557,132.9100000858307,198,200,17432,8,4,1
14557.52973546295,1709.9678094387054,1500.3081154823303,209.6463475227356,288,300,17432,8,4,1
15669.036795529606,1847.1904091835022,1576.815241098404,270.361585855484,400,400,17432,8,4,1
16579.283500281243,2064.101413011551,1666.5116913318634,397.57615089416504,472,500,17432,8,4,1
