f_of_S,Time,SolSize,k,n,nNodes,nThreads,trial
11089.64516288535,3.1185953617095947,100,100,17432,8,4,1
14038.8064979838,3.9148645401000977,200,200,17432,8,4,1
15829.016344856662,4.624297142028809,300,300,17432,8,4,1
17131.249545674407,5.2203404903411865,400,400,17432,8,4,1
17838.107109955195,5.6657562255859375,465,500,17432,8,4,1
