f_of_S,Time,TimeDist,TimePost,SolSize,k,n,nNodes,nThreads,trial
10791.945509371795,6.517283916473389,4.794742822647095,1.708745002746582,100,100,17432,8,4,1
13628.70551974845,10.496342897415161,6.939476251602173,3.543163299560547,200,200,17432,8,4,1
15278.780052448265,13.995043277740479,8.441574573516846,5.539836883544922,300,300,17432,8,4,1
16682.907245583527,17.20663571357727,9.8771812915802,7.315972805023193,400,400,17432,8,4,1
17696.42772858613,20.68144130706787,11.551392793655396,9.116698265075684,500,500,17432,8,4,1
