f_of_S,Time,TimeDist,TimePost,SolSize,k,n,nNodes,nThreads,trial
10879.580793997868,127.19277119636536,0,0,100,100,17432,8,4,1
13731.733976982629,207.76252007484436,0,0,200,200,17432,8,4,1
15483.369092813562,283.1690745353699,0,0,300,300,17432,8,4,1
16775.017007116538,358.8884844779968,0,0,400,400,17432,8,4,1
17779.581831669722,428.4468717575073,0,0,500,500,17432,8,4,1
