f_of_S,Time,TimeDist,TimePost,SolSize,k,n,nNodes,nThreads,trial
26499,21162.073073387146,14749.696572065353,6412.301470756531,100,100.0,100000,8,4,1
