f_of_S,Time,TimeDist,TimePost,SolSize,k,n,nNodes,nThreads,trial
39050,2768.431031703949,338.4472768306732,2429.904134988785,250,250.0,100000,32,1,1
