f_of_S,Time,TimeDist,TimePost,SolSize,k,n,nNodes,nThreads,trial
453.7648608893663,278.2555594444275,178.9401023387909,99.29514384269714,200,200.0,26588,8,1,1
