f_of_S,Time,TimeDist,TimePost,SolSize,k,n,nNodes,nThreads,trial
14046.631246540603,327.3327589035034,185.99812841415405,141.32115745544434,200,200.0,17432,8,1,1
