f_of_S,Time,SolSize,k,n,nNodes,nThreads,trial
26495,14.406766414642334,100,100,100000,8,4,1
35711,15.114788293838501,200,200,100000,8,4,1
41858,15.948855876922607,300,300,100000,8,4,1
46505,16.37032437324524,400,400,100000,8,4,1
50267,17.440601587295532,500,500,100000,8,4,1
