f_of_S,Time,TimeDist,TimePost,SolSize,k,n,nNodes,nThreads,trial
26369,21.31909728050232,17.791483402252197,3.4498867988586426,100,100,100000,8,4,1
35605,28.802680253982544,21.91666340827942,6.808940649032593,200,200,100000,8,4,1
41627,38.75732398033142,27.4297456741333,11.249802350997925,300,300,100000,8,4,1
46236,49.49723029136658,32.57356095314026,16.846275329589844,400,400,100000,8,4,1
49994,56.003154277801514,33.23157048225403,22.693886280059814,500,500,100000,8,4,1
