f_of_S,Time,TimeDist,TimePost,SolSize,k,n,nNodes,nThreads,trial
26447,402.07759714126587,0,0,100,100,100000,8,4,1
35640,523.3835501670837,0,0,200,200,100000,8,4,1
41722,685.6381595134735,0,0,300,300,100000,8,4,1
46317,865.078882932663,0,0,400,400,100000,8,4,1
50049,1075.6530857086182,0,0,500,500,100000,8,4,1
