f_of_S,Time,TimeDist,TimePost,SolSize,k,n,nNodes,nThreads,trial
9214.340581,1.656419277191162,1.6432244777679443,0.005404949188232422,36,100,10000,8,4,1
9237.200729,2.576587677001953,2.5616519451141357,0.0073375701904296875,50,200,10000,8,4,1
9252.070873,3.3310608863830566,3.3150200843811035,0.008403539657592773,60,300,10000,8,4,1
9275.293823999998,3.5240678787231445,3.505216121673584,0.011311769485473633,75,400,10000,8,4,1
9287.223965,3.6345205307006836,3.6146140098571777,0.012265205383300781,93,500,10000,8,4,1
