f_of_S,Time,TimeDist,TimePost,SolSize,k,n,nNodes,nThreads,trial
278.6044432916198,116.80817198753357,0,0,100,100,26588,8,4,1
452.5402495542538,178.19556832313538,0,0,200,200,26588,8,4,1
603.5170273797576,238.9838571548462,0,0,300,300,26588,8,4,1
740.8717027693257,292.9244923591614,0,0,400,400,26588,8,4,1
869.7875175898722,362.84417748451233,0,0,500,500,26588,8,4,1
