f_of_S,Time,TimeDist,TimePost,SolSize,k,n,nNodes,nThreads,trial
10868.555427278825,128.32175588607788,0,0,100,100,17432,8,4,1
13740.99789577772,206.76337933540344,0,0,200,200,17432,8,4,1
15512.997805968182,283.6380455493927,0,0,300,300,17432,8,4,1
16755.239171591104,361.32527232170105,0,0,400,400,17432,8,4,1
17777.39496569936,428.5557601451874,0,0,500,500,17432,8,4,1
