f_of_S,Time,TimeDist,TimePost,SolSize,k,n,nNodes,nThreads,trial
9987.843896584336,1176.0488998889923,1115.6248044967651,60.41011595726013,100,100,17432,8,4,1
12644.80973025753,1463.9480049610138,1333.0857548713684,130.84855484962463,185,200,17432,8,4,1
14181.238991694046,1680.1617443561554,1474.5622799396515,205.58566904067993,273,300,17432,8,4,1
15658.513117582277,1798.5759053230286,1525.485403060913,273.0768747329712,378,400,17432,8,4,1
16648.02302517038,1927.2372875213623,1541.6768844127655,385.54676938056946,500,500,17432,8,4,1
