f_of_S,Time,SolSize,k,n,nNodes,nThreads,trial
26493,14.397155523300171,100,100,100000,8,4,1
35706,15.015933990478516,200,200,100000,8,4,1
41858,15.60966444015503,300,300,100000,8,4,1
46495,16.485299110412598,400,400,100000,8,4,1
50270,17.335343837738037,500,500,100000,8,4,1
