f_of_S,Time,TimeDist,TimePost,SolSize,k,n,nNodes,nThreads,trial
278.6044432916198,115.6100914478302,0,0,100,100,26588,8,4,1
452.5402495542538,172.87313532829285,0,0,200,200,26588,8,4,1
603.345925593134,233.950608253479,0,0,300,300,26588,8,4,1
740.8717027693257,281.99700927734375,0,0,400,400,26588,8,4,1
869.9710475234498,351.6147606372833,0,0,500,500,26588,8,4,1
