f_of_S,Time,TimeDist,TimePost,SolSize,k,n,nNodes,nThreads,trial
10137.98012901917,1237.7013125419617,1175.5447435379028,62.14254546165466,96,100,17432,8,4,1
13026.558117065892,1526.88294839859,1394.4975769519806,132.3718285560608,200,200,17432,8,4,1
14461.247240539835,1722.2478847503662,1520.47771692276,201.7565085887909,300,300,17432,8,4,1
15817.744339961788,1869.3240523338318,1569.9682099819183,299.3422362804413,391,400,17432,8,4,1
16731.150732640745,1976.901137828827,1602.9208126068115,373.96676230430603,493,500,17432,8,4,1
