f_of_S,Queries,Time,TimeDist,TimePost,SolSize,k,n,nNodes,nThreads,trial
1147740.6107500694,1,32113.146782159805,31932.027990102768,181.11879086494446,480,480.0,3072441,2,4,1
