f_of_S,Queries,Time,TimeDist,TimePost,SolSize,k,n,nNodes,nThreads,trial
4541.665304047952,1,5297.787525892258,5289.064464569092,8.723060131072998,177,177.0,1134890,2,4,1
