f_of_S,Time,TimeDist,TimePost,SolSize,k,n,nNodes,nThreads,trial
9110.704935,295.4694576263428,290.6678874492645,4.793758869171143,8,100,10000,8,4,1
9135.298746,349.471773147583,341.23461079597473,8.22950792312622,11,200,10000,8,4,1
9144.425002,401.5454361438751,390.56703543663025,10.970758199691772,11,300,10000,8,4,1
9161.085734,439.9911332130432,426.4970543384552,13.486429214477539,17,400,10000,8,4,1
9164.582969,475.2159161567688,459.44952964782715,15.75868844985962,18,500,10000,8,4,1
