f_of_S,Time,TimeDist,TimePost,SolSize,k,n,nNodes,nThreads,trial
278.1047842216914,6.1828391551971436,4.866751670837402,1.295536994934082,100,100,26588,8,4,1
451.084335733421,8.731104612350464,5.998862266540527,2.7114264965057373,200,200,26588,8,4,1
601.9093103940468,12.50969386100769,8.426639318466187,4.062222480773926,300,300,26588,8,4,1
740.3811581378893,15.5504732131958,10.48719072341919,5.042399644851685,400,400,26588,8,4,1
869.0833930599945,20.96826934814453,14.203540563583374,6.743997097015381,500,500,26588,8,4,1
