f_of_S,Time,TimeDist,TimePost,SolSize,k,n,nNodes,nThreads,trial
10841.463178775914,129.1105465888977,0,0,100,100,17432,8,4,1
13744.093724804545,207.29320168495178,0,0,200,200,17432,8,4,1
15503.627431547435,282.2361590862274,0,0,300,300,17432,8,4,1
16768.942052197133,355.2996835708618,0,0,400,400,17432,8,4,1
17767.419039087938,428.4251494407654,0,0,500,500,17432,8,4,1
