f_of_S,Time,TimeDist,TimePost,SolSize,k,n,nNodes,nThreads,trial
26471,398.015549659729,0,0,100,100,100000,8,4,1
35640,520.8289513587952,0,0,200,200,100000,8,4,1
41701,683.9067509174347,0,0,300,300,100000,8,4,1
46320,865.9418869018555,0,0,400,400,100000,8,4,1
50030,1071.6640839576721,0,0,500,500,100000,8,4,1
