f_of_S,Time,TimeDist,TimePost,SolSize,k,n,nNodes,nThreads,trial
9153.192148,37.39877200126648,0,0,6,100,10000,8,4,1
9164.082511,56.31688594818115,0,0,7,200,10000,8,4,1
9191.629067,71.97043251991272,0,0,10,300,10000,8,4,1
9204.030794,87.58072233200073,0,0,13,400,10000,8,4,1
9212.471593,99.01561641693115,0,0,14,500,10000,8,4,1
