f_of_S,Time,TimeDist,TimePost,SolSize,k,n,nNodes,nThreads,trial
9215.722928,1.6912307739257812,1.6775970458984375,0.005856990814208984,37,100,10000,8,4,1
9235.521552,2.5783443450927734,2.5638532638549805,0.006840229034423828,48,200,10000,8,4,1
9250.990264,3.3230936527252197,3.3072080612182617,0.008177518844604492,58,300,10000,8,4,1
9267.59437,3.4750845432281494,3.457099437713623,0.010239124298095703,74,400,10000,8,4,1
9280.435659,3.580150842666626,3.5603599548339844,0.012152433395385742,90,500,10000,8,4,1
