f_of_S,Time,TimeDist,TimePost,SolSize,k,n,nNodes,nThreads,trial
9099.261384,273.1459927558899,268.22866654396057,4.909552335739136,7,100,10000,8,4,1
9121.644167,340.64363527297974,332.68310022354126,7.952907085418701,7,200,10000,8,4,1
9146.801627,383.01105189323425,372.3534462451935,10.649977445602417,11,300,10000,8,4,1
9159.218338,416.7551734447479,403.2651994228363,13.482382535934448,14,400,10000,8,4,1
9154.850077,460.3561601638794,444.6351273059845,15.713419198989868,15,500,10000,8,4,1
