f_of_S,Time,TimeDist,TimePost,SolSize,k,n,nNodes,nThreads,trial
26351,21.722127437591553,18.101330995559692,3.54282808303833,100,100,100000,8,4,1
35566,28.281996965408325,21.780689239501953,6.424288034439087,200,200,100000,8,4,1
41659,37.64579224586487,26.121886491775513,11.44706916809082,300,300,100000,8,4,1
46264,46.45857524871826,29.722232818603516,16.658355712890625,400,400,100000,8,4,1
49977,56.77320909500122,34.172019720077515,22.523833513259888,500,500,100000,8,4,1
