f_of_S,Time,TimeDist,TimePost,SolSize,k,n,nNodes,nThreads,trial
26351,22.236653327941895,18.67658805847168,3.4828011989593506,100,100,100000,8,4,1
35508,28.60199546813965,21.86980128288269,6.655630826950073,200,200,100000,8,4,1
41665,37.76154041290283,26.65907096862793,11.025258779525757,300,300,100000,8,4,1
46278,48.529430627822876,31.801805019378662,16.65061116218567,400,400,100000,8,4,1
49970,56.90785789489746,34.53318953514099,22.297993183135986,500,500,100000,8,4,1
