f_of_S,Time,SolSize,k,n,nNodes,nThreads,trial
26489,14.710493087768555,100,100,100000,8,4,1
35714,15.320616483688354,200,200,100000,8,4,1
41857,15.899547338485718,300,300,100000,8,4,1
46505,16.622287273406982,400,400,100000,8,4,1
50263,17.729809999465942,500,500,100000,8,4,1
