f_of_S,Time,SolSize,k,n,nNodes,nThreads,trial
9151.570755,2.4725747108459473,14,100,10000,8,4,1
9160.75297,4.61358118057251,19,200,10000,8,4,1
9194.801386,7.191537141799927,19,300,10000,8,4,1
9206.274096000001,12.003846406936646,24,400,10000,8,4,1
9214.204536,14.282324075698853,26,500,10000,8,4,1
