f_of_S,Time,TimeDist,TimePost,SolSize,k,n,nNodes,nThreads,trial
277.93955693373385,6.005790710449219,4.748002767562866,1.2375123500823975,100,100,26588,8,4,1
451.084335733421,8.678730487823486,5.968981027603149,2.6890006065368652,200,200,26588,8,4,1
602.6761376289946,12.893969058990479,8.825425148010254,4.047884941101074,300,300,26588,8,4,1
739.234735486805,13.858559131622314,8.8406822681427,4.997354030609131,400,400,26588,8,4,1
869.0833930599945,23.746490478515625,16.96086859703064,6.765122890472412,500,500,26588,8,4,1
