f_of_S,Time,SolSize,k,n,nNodes,nThreads,trial
278.6504207754075,3.376819133758545,100,100,26588,8,4,1
453.328046757099,3.596027374267578,200,200,26588,8,4,1
605.0780255592757,3.963338851928711,300,300,26588,8,4,1
742.801210986253,4.276697158813477,400,400,26588,8,4,1
873.1809463481711,4.593153476715088,500,500,26588,8,4,1
