f_of_S,Time,TimeDist,TimePost,SolSize,k,n,nNodes,nThreads,trial
10832.66275587419,128.11451196670532,0,0,100,100,17432,8,4,1
13754.47261459695,206.57270550727844,0,0,200,200,17432,8,4,1
15485.951662937974,283.5968978404999,0,0,300,300,17432,8,4,1
16728.958212570382,359.88029503822327,0,0,400,400,17432,8,4,1
17764.648014441325,430.48613929748535,0,0,500,500,17432,8,4,1
