f_of_S,Queries,Time,TimeDist,TimePost,SolSize,k,n,nNodes,nThreads,trial
1147722.9672652616,1,16342.387468099594,16102.412710428238,239.9747564792633,480,480.0,3072441,4,4,1
