f_of_S,Queries,Time,TimeDist,TimePost,SolSize,k,n,nNodes,nThreads,trial
4540.783526296256,1,2714.777843236923,2702.80379652977,11.974045276641846,177,177.0,1134890,4,4,1
