f_of_S,Time,TimeDist,TimePost,SolSize,k,n,nNodes,nThreads,trial
278.7994805077446,18694.646275520325,0,0,100,100.0,26588,8,4,1
