f_of_S,Time,TimeDist,TimePost,SolSize,k,n,nNodes,nThreads,trial
39050,2091.6726310253143,1669.6338741779327,421.96165108680725,250,250.0,100000,8,1,1
