f_of_S,Time,TimeDist,TimePost,SolSize,k,n,nNodes,nThreads,trial
9349.481678999999,2681.0953092575073,1548.520608663559,1132.566656589508,200,200.0,10000,8,1,1
