f_of_S,Time,TimeDist,TimePost,SolSize,k,n,nNodes,nThreads,trial
278.7994805077446,4370.200090885162,0,0,100,100.0,26588,32,1,1
