f_of_S,Time,TimeDist,TimePost,SolSize,k,n,nNodes,nThreads,trial
26369,21.55614399909973,18.03247880935669,3.444492816925049,100,100,100000,8,4,1
35565,28.969844102859497,22.056474685668945,6.835235834121704,200,200,100000,8,4,1
41592,36.62758779525757,25.560367107391357,10.989514350891113,300,300,100000,8,4,1
46156,49.38480019569397,32.61644101142883,16.691502809524536,400,400,100000,8,4,1
49906,58.441845417022705,35.639986991882324,22.72481656074524,500,500,100000,8,4,1
