f_of_S,Time,TimeDist,TimePost,SolSize,k,n,nNodes,nThreads,trial
26450,394.63799023628235,0,0,100,100,100000,8,4,1
35622,519.5040550231934,0,0,200,200,100000,8,4,1
41719,679.720757484436,0,0,300,300,100000,8,4,1
46319,861.2451617717743,0,0,400,400,100000,8,4,1
50036,1075.096313714981,0,0,500,500,100000,8,4,1
