f_of_S,Time,TimeDist,TimePost,SolSize,k,n,nNodes,nThreads,trial
9210.089713,1.6751160621643066,1.6622209548950195,0.005117654800415039,34,100,10000,8,4,1
9242.180893,2.54948091506958,2.5347790718078613,0.007086992263793945,49,200,10000,8,4,1
9258.024613000001,3.3758068084716797,3.359855890274048,0.008319616317749023,61,300,10000,8,4,1
9270.706486,3.8155994415283203,3.797332525253296,0.010579347610473633,76,400,10000,8,4,1
9275.706467,3.9086225032806396,3.889766216278076,0.011083364486694336,82,500,10000,8,4,1
