f_of_S,Time,TimeDist,TimePost,SolSize,k,n,nNodes,nThreads,trial
278.6044432916198,117.43546748161316,0,0,100,100,26588,8,4,1
452.5402495542538,178.0077133178711,0,0,200,200,26588,8,4,1
603.4466624740877,238.13337802886963,0,0,300,300,26588,8,4,1
740.8717027693257,292.8535532951355,0,0,400,400,26588,8,4,1
869.9710475234498,361.5078020095825,0,0,500,500,26588,8,4,1
