f_of_S,Time,SolSize,k,n,nNodes,nThreads,trial
278.600237018642,3.463822841644287,100,100,26588,8,4,1
453.41700748573265,3.660792350769043,200,200,26588,8,4,1
604.826002596314,4.033672332763672,300,300,26588,8,4,1
743.1434822109854,4.3339667320251465,400,400,26588,8,4,1
872.8541759208634,4.65179181098938,500,500,26588,8,4,1
