f_of_S,Time,TimeDist,TimePost,SolSize,k,n,nNodes,nThreads,trial
10766.52041675192,6.668622732162476,4.913946628570557,1.7410330772399902,100,100,17432,8,4,1
13697.648371941003,10.267902374267578,6.785341024398804,3.4689536094665527,200,200,17432,8,4,1
15266.102982385324,14.121208190917969,8.471368312835693,5.636312246322632,300,300,17432,8,4,1
16616.625268162956,17.939777135849,10.408304691314697,7.518078804016113,400,400,17432,8,4,1
17719.13597864629,21.289716720581055,11.921277046203613,9.355018377304077,500,500,17432,8,4,1
