f_of_S,Time,TimeDist,TimePost,SolSize,k,n,nNodes,nThreads,trial
9153.195184,36.60521578788757,0,0,6,100,10000,8,4,1
9168.653608,55.00779962539673,0,0,8,200,10000,8,4,1
9187.149348,72.2061140537262,0,0,10,300,10000,8,4,1
9203.133919,87.35311698913574,0,0,13,400,10000,8,4,1
9212.668683,99.55962777137756,0,0,15,500,10000,8,4,1
