f_of_S,Time,TimeDist,TimePost,SolSize,k,n,nNodes,nThreads,trial
10823.380670818522,6.471683740615845,4.78827977180481,1.669802188873291,100,100,17432,8,4,1
13644.529254956176,10.237478971481323,6.697084665298462,3.5269246101379395,200,200,17432,8,4,1
15382.684090715315,13.854001998901367,8.46578598022461,5.374905586242676,300,300,17432,8,4,1
16754.736461117496,17.448023080825806,10.17713975906372,7.257431745529175,400,400,17432,8,4,1
17630.644328398124,20.588449239730835,11.449628591537476,9.125606536865234,500,500,17432,8,4,1
