f_of_S,Time,TimeDist,TimePost,SolSize,k,n,nNodes,nThreads,trial
26447,395.76700258255005,0,0,100,100,100000,8,4,1
35640,519.7982158660889,0,0,200,200,100000,8,4,1
41722,679.2731614112854,0,0,300,300,100000,8,4,1
46298,860.9647498130798,0,0,400,400,100000,8,4,1
50044,1077.3430006504059,0,0,500,500,100000,8,4,1
