f_of_S,Time,TimeDist,TimePost,SolSize,k,n,nNodes,nThreads,trial
9147.094765,37.80950140953064,0,0,5,100,10000,8,4,1
9176.530277000002,55.69745635986328,0,0,10,200,10000,8,4,1
9189.118163000001,72.4155421257019,0,0,10,300,10000,8,4,1
9208.296076999999,88.52246975898743,0,0,13,400,10000,8,4,1
9212.081491,99.87313389778137,0,0,14,500,10000,8,4,1
