f_of_S,Time,TimeDist,TimePost,SolSize,k,n,nNodes,nThreads,trial
9107.985696,287.8368704319,282.904559135437,4.924054384231567,10,100,10000,8,4,1
9137.506147,360.3216083049774,352.3282091617584,7.98576807975769,12,200,10000,8,4,1
9143.476016,401.0462296009064,390.3866295814514,10.651930093765259,16,300,10000,8,4,1
9163.495443,444.3681013584137,430.9497957229614,13.41064977645874,13,400,10000,8,4,1
9177.815325,485.69164967536926,469.86341881752014,15.820619344711304,19,500,10000,8,4,1
