f_of_S,Time,TimeDist,TimePost,SolSize,k,n,nNodes,nThreads,trial
278.26888034367795,6.0818657875061035,4.841675281524658,1.2198691368103027,100,100,26588,8,4,1
451.084335733421,8.883999586105347,6.173273324966431,2.6902525424957275,200,200,26588,8,4,1
602.6761376289946,12.052696704864502,8.028383255004883,4.00364875793457,300,300,26588,8,4,1
738.9797969071514,15.693979024887085,10.534591436386108,5.138813734054565,400,400,26588,8,4,1
869.3576002877768,23.176218509674072,16.295340538024902,6.860187530517578,500,500,26588,8,4,1
