f_of_S,Time,TimeDist,TimePost,SolSize,k,n,nNodes,nThreads,trial
9937.149745279476,1272.7095358371735,1208.7378282546997,63.9578742980957,100,100,17432,8,4,1
12903.94147547573,1545.1774213314056,1410.4793076515198,134.6845781803131,199,200,17432,8,4,1
14688.008802567985,1759.0471539497375,1561.7390809059143,197.29446387290955,300,300,17432,8,4,1
15803.397194673833,1885.507111787796,1588.358281135559,297.13512802124023,385,400,17432,8,4,1
16604.657036743407,2015.3907375335693,1648.8070085048676,366.5701389312744,500,500,17432,8,4,1
