f_of_S,Time,TimeDist,TimePost,SolSize,k,n,nNodes,nThreads,trial
4387.969543577285,84090.10255289078,83017.46664094925,1072.6359105110168,177,177.0,1134890,8,4,1
