f_of_S,Queries,Time,TimeDist,TimePost,SolSize,k,n,nNodes,nThreads,trial
968878,1,104556.48420214653,103592.58716773987,963.8970327377319,156,156.0,1000000,2,4,1
