f_of_S,Time,SolSize,k,n,nNodes,nThreads,trial
9143.527611000001,2.939939022064209,16,100,10000,8,4,1
9169.073927,3.958744525909424,15,200,10000,8,4,1
9196.5191,7.2699244022369385,19,300,10000,8,4,1
9216.631415,11.900221586227417,26,400,10000,8,4,1
9234.341151,14.502667427062988,32,500,10000,8,4,1
